Assembly,Superkingdom,Phylum,Class,Order,Family,Genus,Species
GCA_021228015.1_ASM2122801v1,Bacteria,Pseudomonadota,Alphaproteobacteria,Rhizobiales,Beijerinckiaceae,Methylobacterium,Methylobacterium currus
GCA_001548015.1_ASM154801v1,Bacteria,Pseudomonadota,Alphaproteobacteria,Rhizobiales,Beijerinckiaceae,Methylobacterium,Methylobacterium ajmalii
GCA_000012565.1_ASM1256v1,Bacteria,Pseudomonadota,Alphaproteobacteria,Rickettsiales,Anaplasmataceae,Ehrlichia,Ehrlichia canis
GCA_007972595.1_ASM797259v1,Bacteria,Pseudomonadota,Alphaproteobacteria,Rickettsiales,Anaplasmataceae,Wolbachia,Wolbachia pipientis
GCA_023559145.1_ASM2355914v1,Bacteria,Pseudomonadota,Alphaproteobacteria,Rickettsiales,Anaplasmataceae,Wolbachia,Wolbachia sp001439985
GCA_000016185.1_ASM1618v1,Bacteria,Pseudomonadota,Alphaproteobacteria,Azospirillales,Azospirillaceae,Rhodospirillum_A,Rhodospirillum_A centenum
GCA_000009985.1_ASM998v1,Bacteria,Pseudomonadota,Alphaproteobacteria,Rhodospirillales,Magnetospirillaceae,Phaeospirillum,Phaeospirillum magneticum
GCA_000225955.1_ASM22595v1,Bacteria,Pseudomonadota,Alphaproteobacteria,Rhodospirillales,Rhodospirillaceae,Rhodospirillum,Rhodospirillum rubrum
GCA_000021005.1_ASM2100v1,Bacteria,Pseudomonadota,Alphaproteobacteria,Rhodobacterales,Rhodobacteraceae,Cereibacter_A,Cereibacter_A sphaeroides
GCA_002073975.1_ASM207397v1,Bacteria,Pseudomonadota,Alphaproteobacteria,Rhodobacterales,Rhodobacteraceae,Rhodovulum,Rhodovulum sp002073975
GCA_022227035.1_ASM2222703v1,Bacteria,Pseudomonadota,Alphaproteobacteria,Rhodobacterales,Rhodobacteraceae,Cereibacter_A,Cereibacter_A azotoformans
GCA_000016725.1_ASM1672v1,Bacteria,Pseudomonadota,Alphaproteobacteria,Acetobacterales,Acetobacteraceae,Acidiphilium,Acidiphilium multivorum
GCA_937425535.1_Rhodovastum_atsumiense_G2-11,Bacteria,Pseudomonadota,Alphaproteobacteria,Acetobacterales,Acetobacteraceae,Rhodovastum,Rhodovastum atsumiense
GCA_000202835.1_ASM20283v1,Bacteria,Pseudomonadota,Alphaproteobacteria,Acetobacterales,Acetobacteraceae,Acidiphilium,Acidiphilium multivorum
GCA_000014045.1_ASM1404v1,Bacteria,Pseudomonadota,Alphaproteobacteria,Rhodobacterales,Rhodobacteraceae,Roseobacter,Roseobacter denitrificans
GCA_000018145.1_ASM1814v1,Bacteria,Pseudomonadota,Alphaproteobacteria,Rhodobacterales,Rhodobacteraceae,Dinoroseobacter,Dinoroseobacter shibae
GCA_003288315.1_ASM328831v1,Bacteria,Pseudomonadota,Alphaproteobacteria,Rhodobacterales,Rhodobacteraceae,Roseovarius,Roseovarius mucosus_A
GCA_000015165.1_ASM1516v1,Bacteria,Pseudomonadota,Alphaproteobacteria,Rhizobiales,Xanthobacteraceae,Bradyrhizobium,Bradyrhizobium denitrificans
GCA_021088345.1_ASM2108834v1,Bacteria,Pseudomonadota,Alphaproteobacteria,Rhizobiales,Xanthobacteraceae,Bradyrhizobium,Bradyrhizobium sp021088345
GCA_023101065.1_ASM2310106v1,Bacteria,Pseudomonadota,Alphaproteobacteria,Rhizobiales,Xanthobacteraceae,Bradyrhizobium,Bradyrhizobium canariense_D
GCA_030297595.1_ASM3029759v1,Bacteria,Pseudomonadota,Gammaproteobacteria,Burkholderiales,Burkholderiaceae,Polynucleobacter,Polynucleobacter sp030297595
GCA_024662615.1_ASM2466261v1,Bacteria,Pseudomonadota,Gammaproteobacteria,Burkholderiales,Burkholderiaceae,Burkholderia,Burkholderia glumae
GCA_030297575.1_ASM3029757v1,Bacteria,Pseudomonadota,Gammaproteobacteria,Burkholderiales,Burkholderiaceae,Polynucleobacter,Polynucleobacter sp030297595
GCA_001713375.1_ASM171337v1,Bacteria,Pseudomonadota,Gammaproteobacteria,Burkholderiales,Burkholderiaceae,Hydrogenophaga,Hydrogenophaga sp001713375
GCA_011388215.1_ASM1138821v1,Bacteria,Pseudomonadota,Gammaproteobacteria,Burkholderiales,Burkholderiaceae,Hydrogenophaga,Hydrogenophaga crocea
GCA_023634805.2_ASM2363480v2,Bacteria,Pseudomonadota,Gammaproteobacteria,Burkholderiales,Burkholderiaceae,Comamonas,Comamonas sp021044865
GCA_013170845.1_ASM1317084v1,Bacteria,Pseudomonadota,Alphaproteobacteria,Rhizobiales,Rhizobiaceae,Mesorhizobium,Mesorhizobium loti_B
GCA_009761735.1_ASM976173v1,Bacteria,Pseudomonadota,Alphaproteobacteria,Rhizobiales,Rhizobiaceae,Mesorhizobium,Mesorhizobium japonicum
GCA_014495845.1_ASM1449584v1,Bacteria,Pseudomonadota,Alphaproteobacteria,Rhizobiales,Rhizobiaceae,Aquibium,Aquibium microcysteis
GCA_029201645.1_ASM2920164v1,Bacteria,Pseudomonadota,Alphaproteobacteria,Rhizobiales,Rhizobiaceae,Sinorhizobium,Sinorhizobium meliloti_A
GCA_001713475.1_ASM171347v1,Bacteria,Pseudomonadota,Alphaproteobacteria,Rhizobiales,Rhizobiaceae,Allorhizobium,Allorhizobium sp001713475
GCA_003667725.1_ASM366772v1,Bacteria,Pseudomonadota,Alphaproteobacteria,Rhizobiales,Rhizobiaceae,Agrobacterium,Agrobacterium fabrum
GCA_001579845.1_ASM157984v1,Bacteria,Pseudomonadota,Alphaproteobacteria,Rhizobiales,Xanthobacteraceae,Z2-YC6860,Z2-YC6860 sp001579845
GCA_027886585.1_ASM2788658v1,Bacteria,Pseudomonadota,Alphaproteobacteria,Rhizobiales,Hyphomicrobiaceae,Hyphomicrobium_C,Hyphomicrobium_C zavarzinii
GCA_000166055.1_ASM16605v1,Bacteria,Pseudomonadota,Alphaproteobacteria,Rhizobiales,Rhodomicrobiaceae,Rhodomicrobium,Rhodomicrobium vannielii
GCA_016925575.1_ASM1692557v1,Bacteria,Pseudomonadota,Gammaproteobacteria,Pseudomonadales,Pseudomonadaceae,Pseudomonas_E,Pseudomonas_E sp900585815
GCA_027498055.1_ASM2749805v1,Bacteria,Pseudomonadota,Gammaproteobacteria,Pseudomonadales,Pseudomonadaceae,Thiopseudomonas,Thiopseudomonas sp012518175
GCA_013341315.1_ASM1334131v1,Bacteria,Pseudomonadota,Gammaproteobacteria,Pseudomonadales,Pseudomonadaceae,Pseudomonas,Pseudomonas aeruginosa
GCA_004923315.1_ASM492331v1,Bacteria,Pseudomonadota,Alphaproteobacteria,Azospirillales,Azospirillaceae,Azospirillum,Azospirillum sp003116065
GCA_008843145.1_ASM884314v1,Bacteria,Pseudomonadota,Alphaproteobacteria,Azospirillales,Azospirillaceae,Skermanella,Skermanella pratensis
GCA_002868735.1_ASM286873v1,Bacteria,Pseudomonadota,Alphaproteobacteria,Azospirillales,Azospirillaceae,Niveispirillum,Niveispirillum cyanobacteriorum
GCA_002215215.1_ASM221521v1,Bacteria,Pseudomonadota,Gammaproteobacteria,Granulosicoccales,Granulosicoccaceae,Granulosicoccus,Granulosicoccus antarcticus
GCA_003967195.1_ASM396719v1,Bacteria,Pseudomonadota,Gammaproteobacteria,AKS1,AKS1,Sulfuriflexus,Sulfuriflexus mobilis
GCA_000948985.2_ASM94898v2,Bacteria,Pseudomonadota,Gammaproteobacteria,Enterobacterales,Alteromonadaceae,Thalassomonas,Thalassomonas viridans
GCA_003971255.1_ASM397125v1,Bacteria,Pseudomonadota,Gammaproteobacteria,Enterobacterales,Alteromonadaceae,Cognaticolwellia,Cognaticolwellia sp003971255
GCA_004295665.1_ASM429566v1,Bacteria,Pseudomonadota,Gammaproteobacteria,Enterobacterales,Alteromonadaceae,Litorilituus,Litorilituus sediminis
GCA_001191005.1_ASM119100v1,Bacteria,Pseudomonadota,Gammaproteobacteria,Burkholderiales,Burkholderiaceae,Pseudoduganella,Pseudoduganella sp001191005
GCA_000221045.1_ASM22104v1,Bacteria,Pseudomonadota,Gammaproteobacteria,Burkholderiales,Burkholderiaceae,Collimonas,Collimonas fungivorans_A
GCA_002128345.1_ASM212834v1,Bacteria,Pseudomonadota,Gammaproteobacteria,Burkholderiales,Burkholderiaceae,Oxalobacter,Oxalobacter formigenes
GCA_000165835.1_ASM16583v1,Bacteria,Pseudomonadota,Gammaproteobacteria,Burkholderiales,Burkholderiaceae,Achromobacter,Achromobacter xylosoxidans_B
GCA_001987095.1_ASM198709v1,Bacteria,Pseudomonadota,Gammaproteobacteria,Burkholderiales,Burkholderiaceae,Bordetella,Bordetella pertussis
GCA_009626755.1_ASM962675v1,Bacteria,Pseudomonadota,Gammaproteobacteria,Burkholderiales,Burkholderiaceae,Bordetella,Bordetella pertussis
GCA_000091005.1_ASM9100v1,Bacteria,Pseudomonadota,Gammaproteobacteria,Enterobacterales,Enterobacteriaceae,Escherichia,Escherichia coli
GCA_022353585.1_ASM2235358v1,Bacteria,Pseudomonadota,Gammaproteobacteria,Enterobacterales,Enterobacteriaceae,Klebsiella,Klebsiella pneumoniae
GCA_907163245.1_AUSMDU00007171,Bacteria,Pseudomonadota,Gammaproteobacteria,Enterobacterales,Enterobacteriaceae,Salmonella,Salmonella enterica
GCA_001741865.1_ASM174186v1,Bacteria,Pseudomonadota,Alphaproteobacteria,Rhizobiales,Beijerinckiaceae,Bosea,Bosea vaviloviae
GCA_030144325.1_ASM3014432v1,Bacteria,Pseudomonadota,Alphaproteobacteria,Rhizobiales,Beijerinckiaceae,Bosea,Bosea vestrisii
GCA_001713455.1_ASM171345v1,Bacteria,Pseudomonadota,Alphaproteobacteria,Rhizobiales,Beijerinckiaceae,Bosea,Bosea sp001713455
GCA_000019225.1_ASM1922v1,Bacteria,Pseudomonadota,Gammaproteobacteria,Pseudomonadales,Cellvibrionaceae,Cellvibrio,Cellvibrio japonicus
GCA_000023025.1_ASM2302v1,Bacteria,Pseudomonadota,Gammaproteobacteria,Pseudomonadales,Cellvibrionaceae,Teredinibacter,Teredinibacter turnerae_B
GCA_014217335.1_ASM1421733v1,Bacteria,Pseudomonadota,Gammaproteobacteria,Pseudomonadales,Cellvibrionaceae,Teredinibacter,Teredinibacter purpureus
GCA_003031545.1_ASM303154v1,Bacteria,Pseudomonadota,Gammaproteobacteria,Enterobacterales,Enterobacteriaceae,Serratia,Serratia nevei
GCA_000834985.1_ASM83498v1,Bacteria,Pseudomonadota,Gammaproteobacteria,Enterobacterales,Enterobacteriaceae,Yersinia,Yersinia pestis
GCA_003956105.2_ASM395610v2,Bacteria,Pseudomonadota,Gammaproteobacteria,Enterobacterales,Enterobacteriaceae,Rahnella,Rahnella aceris
GCA_000512205.2_ASM51220v2,Bacteria,Pseudomonadota,Alphaproteobacteria,Sphingomonadales,Sphingomonadaceae,Sphingomonas_D,Sphingomonas_D sanxanigenens
GCA_000935025.1_ASM93502v1,Bacteria,Pseudomonadota,Alphaproteobacteria,Sphingomonadales,Sphingomonadaceae,Sphingomonas,Sphingomonas hengshuiensis
GCA_011044255.1_ASM1104425v1,Bacteria,Pseudomonadota,Alphaproteobacteria,Sphingomonadales,Sphingomonadaceae,Rhizorhabdus,Rhizorhabdus phycosphaerae
GCA_001442805.1_ASM144280v1,Bacteria,Pseudomonadota,Gammaproteobacteria,Xanthomonadales,Xanthomonadaceae,Lysobacter,Lysobacter gummosus
GCA_025426215.1_ASM2542621v1,Bacteria,Pseudomonadota,Gammaproteobacteria,Xanthomonadales,Xanthomonadaceae,Stenotrophomonas,Stenotrophomonas maltophilia
GCA_028752475.1_ASM2875247v1,Bacteria,Pseudomonadota,Gammaproteobacteria,Xanthomonadales,Xanthomonadaceae,Xanthomonas,Xanthomonas oryzae
GCA_016865525.2_ASM1686552v2,Bacteria,Pseudomonadota,Gammaproteobacteria,Enterobacterales,Enterobacteriaceae,Acerihabitans,Acerihabitans ligni
GCA_000010085.1_ASM1008v1,Bacteria,Pseudomonadota,Gammaproteobacteria,Enterobacterales,Enterobacteriaceae,Sodalis,Sodalis glossinidius
GCA_900161835.1_HBAv1,Bacteria,Pseudomonadota,Gammaproteobacteria,Enterobacterales,Enterobacteriaceae,GCF-900161835,GCF-900161835 sp900161835
GCA_023920205.1_ASM2392020v1,Bacteria,Pseudomonadota,Gammaproteobacteria,Enterobacterales,Aeromonadaceae,Aeromonas,Aeromonas dhakensis
GCA_029773045.1_ASM2977304v1,Bacteria,Pseudomonadota,Gammaproteobacteria,Enterobacterales,Aeromonadaceae,Aeromonas,Aeromonas hydrophila
GCA_014169675.1_ASM1416967v1,Bacteria,Pseudomonadota,Gammaproteobacteria,Enterobacterales,Aeromonadaceae,Aeromonas,Aeromonas caviae
GCA_017569925.1_ASM1756992v1,Bacteria,Pseudomonadota,Gammaproteobacteria,Enterobacterales,Enterobacteriaceae,Brenneria,Brenneria izadpanahii
GCA_018361185.1_ASM1836118v1,Bacteria,Pseudomonadota,Gammaproteobacteria,Enterobacterales,Enterobacteriaceae,Dickeya,Dickeya dianthicola
GCA_002921235.2_ASM292123v2,Bacteria,Pseudomonadota,Gammaproteobacteria,Enterobacterales,Enterobacteriaceae,Pectobacterium,Pectobacterium versatile
GCA_016890085.1_ASM1689008v1,Bacteria,Pseudomonadota,Gammaproteobacteria,Burkholderiales,Chromobacteriaceae,Chromobacterium,Chromobacterium violaceum
GCA_000283535.1_ASM28353v1,Bacteria,Pseudomonadota,Gammaproteobacteria,Burkholderiales,Chromobacteriaceae,Pseudogulbenkiania,Pseudogulbenkiania ferrooxidans
GCA_005155025.1_ASM515502v1,Bacteria,Pseudomonadota,Gammaproteobacteria,Burkholderiales,Chromobacteriaceae,Aquitalea,Aquitalea aquatilis
GCA_016598595.1_ASM1659859v1,Bacteria,Pseudomonadota,Alphaproteobacteria,Rhizobiales,Rhizobiaceae,Martelella,Martelella lutilitoris_A
GCA_026898155.1_ASM2689815v1,Bacteria,Pseudomonadota,Alphaproteobacteria,Rhizobiales,Rhizobiaceae,Jiella,Jiella sp026898155
GCA_021391535.1_ASM2139153v1,Bacteria,Pseudomonadota,Alphaproteobacteria,Rhizobiales,Rhizobiaceae,Aurantimonas,Aurantimonas sp021391535
GCA_012971745.1_ASM1297174v1,Bacteria,Pseudomonadota,Alphaproteobacteria,Rhizobiales,Xanthobacteraceae,Ancylobacter,Ancylobacter sp012971745
GCA_000017645.1_ASM1764v1,Bacteria,Pseudomonadota,Alphaproteobacteria,Rhizobiales,Xanthobacteraceae,Xanthobacter,Xanthobacter autotrophicus
GCA_022637495.1_ASM2263749v1,Bacteria,Pseudomonadota,Gammaproteobacteria,Xanthomonadales,Xanthomonadaceae,Pseudoxanthomonas,Pseudoxanthomonas daejeonensis
GCA_000439575.1_ASM43957v1,Bacteria,Pseudomonadota,Gammaproteobacteria,Enterobacterales,Alteromonadaceae,Alteromonas,Alteromonas mediterranea
GCA_009796745.1_ASM979674v1,Bacteria,Pseudomonadota,Gammaproteobacteria,Enterobacterales,Alteromonadaceae,Paraglaciecola,Paraglaciecola sp009796745
GCA_019900845.1_ASM1990084v1,Bacteria,Pseudomonadota,Gammaproteobacteria,Enterobacterales,Alteromonadaceae,Paraneptunicella,Paraneptunicella aestuarii
GCA_014495725.1_ASM1449572v1,Bacteria,Pseudomonadota,Alphaproteobacteria,Rhizobiales,Rhizobiaceae,Ochrobactrum,Ochrobactrum intermedium
GCA_018798825.1_ASM1879882v1,Bacteria,Pseudomonadota,Alphaproteobacteria,Rhizobiales,Rhizobiaceae,Ochrobactrum_A,Ochrobactrum_A sp018798825
GCA_020341615.1_ASM2034161v1,Bacteria,Pseudomonadota,Alphaproteobacteria,Rhizobiales,Rhizobiaceae,Pseudochrobactrum,Pseudochrobactrum saccharolyticum
GCA_000597785.2_ASM59778v2,Bacteria,Pseudomonadota,Gammaproteobacteria,Enterobacterales,Enterobacteriaceae,Hafnia,Hafnia alvei
GCA_025665395.1_ASM2566539v1,Bacteria,Pseudomonadota,Gammaproteobacteria,Enterobacterales,Enterobacteriaceae,Edwardsiella,Edwardsiella ictaluri
GCA_001586165.1_ASM158616v1,Bacteria,Pseudomonadota,Gammaproteobacteria,Enterobacterales,Enterobacteriaceae,Hafnia,Hafnia protea
GCA_000019225.1_ASM1922v1,Bacteria,Pseudomonadota,Gammaproteobacteria,Pseudomonadales,Cellvibrionaceae,Cellvibrio,Cellvibrio japonicus
GCA_029906505.1_ASM2990650v1,Bacteria,Pseudomonadota,Gammaproteobacteria,Pseudomonadales,Cellvibrionaceae,Saccharophagus,Saccharophagus degradans
GCA_014211975.1_ASM1421197v1,Bacteria,Pseudomonadota,Gammaproteobacteria,Pseudomonadales,Cellvibrionaceae,Teredinibacter,Teredinibacter haidensis
GCA_014263185.1_ASM1426318v1,Bacteria,Pseudomonadota,Gammaproteobacteria,Enterobacterales,Shewanellaceae,Shewanella,Shewanella algae
GCA_004358345.1_ASM435834v1,Bacteria,Pseudomonadota,Gammaproteobacteria,Enterobacterales,Shewanellaceae,Parashewanella,Parashewanella spongiae
GCA_021513195.1_ASM2151319v1,Bacteria,Pseudomonadota,Gammaproteobacteria,Enterobacterales,Shewanellaceae,Shewanella,Shewanella sp021513195
GCA_023547145.1_ASM2354714v1,Bacteria,Pseudomonadota,Gammaproteobacteria,Enterobacterales,Enterobacteriaceae,Providencia_C,Providencia_C vermicola_A
GCA_011046025.1_ASM1104602v1,Bacteria,Pseudomonadota,Gammaproteobacteria,Enterobacterales,Enterobacteriaceae,Proteus,Proteus sp011046025
GCA_001721185.1_ASM172118v1,Bacteria,Pseudomonadota,Gammaproteobacteria,Enterobacterales,Enterobacteriaceae,Xenorhabdus,Xenorhabdus hominickii
GCA_014705805.1_ASM1470580v1,Bacteria,Pseudomonadota,Gammaproteobacteria,Pseudomonadales,Moraxellaceae,Acinetobacter,Acinetobacter baumannii
GCA_003971305.1_ASM397130v1,Bacteria,Pseudomonadota,Gammaproteobacteria,Pseudomonadales,Moraxellaceae,Moraxella,Moraxella catarrhalis
GCA_002082665.1_ASM208266v1,Bacteria,Pseudomonadota,Gammaproteobacteria,Pseudomonadales,Moraxellaceae,Acinetobacter,Acinetobacter nosocomialis
GCA_016469335.1_ASM1646933v1,Bacteria,Pseudomonadota,Gammaproteobacteria,Enterobacterales,Alteromonadaceae,Flocculibacter,Flocculibacter collagenilyticus
GCA_000026085.1_ASM2608v1,Bacteria,Pseudomonadota,Gammaproteobacteria,Enterobacterales,Alteromonadaceae,Pseudoalteromonas,Pseudoalteromonas nigrifaciens
GCA_018972125.1_ASM1897212v1,Bacteria,Pseudomonadota,Gammaproteobacteria,Enterobacterales,Alteromonadaceae,Pseudoalteromonas,Pseudoalteromonas sp002685175
GCA_023716485.1_ASM2371648v1,Bacteria,Pseudomonadota,Gammaproteobacteria,Pseudomonadales,Cellvibrionaceae,Microbulbifer,Microbulbifer variabilis_B
GCA_020991125.1_ASM2099112v1,Bacteria,Pseudomonadota,Gammaproteobacteria,Pseudomonadales,Cellvibrionaceae,Microbulbifer,Microbulbifer celer
GCA_001999945.1_ASM199994v1,Bacteria,Pseudomonadota,Gammaproteobacteria,Pseudomonadales,Cellvibrionaceae,Microbulbifer,Microbulbifer agarilyticus_A
GCA_003015185.1_ASM301518v1,Bacteria,Pseudomonadota,Gammaproteobacteria,Xanthomonadales,Ahniellaceae,Ahniella,Ahniella affigens
GCA_023078495.1_ASM2307849v1,Bacteria,Pseudomonadota,Gammaproteobacteria,Xanthomonadales,Rhodanobacteraceae,Luteibacter,Luteibacter aegosomatissinici
GCA_021560635.1_ASM2156063v1,Bacteria,Pseudomonadota,Gammaproteobacteria,Xanthomonadales,Rhodanobacteraceae,Rhodanobacter,Rhodanobacter denitrificans
GCA_000021745.1_ASM2174v1,Bacteria,Pseudomonadota,Alphaproteobacteria,Rhizobiales,Beijerinckiaceae,Methylocella,Methylocella silvestris
GCA_000019845.1_ASM1984v1,Bacteria,Pseudomonadota,Alphaproteobacteria,Rhizobiales,Beijerinckiaceae,Beijerinckia,Beijerinckia indica
GCA_019343105.1_ASM1934310v1,Bacteria,Pseudomonadota,Alphaproteobacteria,Rhizobiales,Beijerinckiaceae,Methylovirgula,Methylovirgula sp019343105
GCA_000017265.1_ASM1726v1,Bacteria,Pseudomonadota,Alphaproteobacteria,Caulobacterales,Caulobacteraceae,Phenylobacterium,Phenylobacterium zucineum
GCA_002002865.1_ASM200286v1,Bacteria,Pseudomonadota,Alphaproteobacteria,Caulobacterales,Caulobacteraceae,Brevundimonas,Brevundimonas sp002002865
GCA_027271155.1_ASM2727115v1,Bacteria,Pseudomonadota,Alphaproteobacteria,Caulobacterales,Caulobacteraceae,Brevundimonas,Brevundimonas subvibrioides_D
GCA_002116735.1_ASM211673v1,Bacteria,Pseudomonadota,Gammaproteobacteria,Pseudomonadales,Oleiphilaceae,Marinobacter,Marinobacter salarius
GCA_030297115.1_ASM3029711v1,Bacteria,Pseudomonadota,Gammaproteobacteria,Pseudomonadales,Oleiphilaceae,Marinobacter,Marinobacter shengliensis
GCA_008122265.1_ASM812226v1,Bacteria,Pseudomonadota,Gammaproteobacteria,Pseudomonadales,Oleiphilaceae,Marinobacter_A,Marinobacter_A fonticola
GCA_014127105.1_ASM1412710v1,Bacteria,Pseudomonadota,Alphaproteobacteria,Rhizobiales,Devosiaceae,Devosia,Devosia sp014127105
GCA_008000755.1_ASM800075v1,Bacteria,Pseudomonadota,Alphaproteobacteria,Rhizobiales,Devosiaceae,Youhaiella,Youhaiella tibetensis
GCA_013004005.1_ASM1300400v1,Bacteria,Pseudomonadota,Alphaproteobacteria,Rhizobiales,Devosiaceae,Pelagibacterium,Pelagibacterium halotolerans
GCA_002803865.1_ASM280386v1,Bacteria,Pseudomonadota,Gammaproteobacteria,Enterobacterales,Enterobacteriaceae,Erwinia,Erwinia amylovora
GCA_026625085.1_ASM2662508v1,Bacteria,Pseudomonadota,Gammaproteobacteria,Enterobacterales,Enterobacteriaceae,Pantoea,Pantoea agglomerans
GCA_002953195.1_ASM295319v1,Bacteria,Pseudomonadota,Gammaproteobacteria,Enterobacterales,Enterobacteriaceae,Mixta,Mixta gaviniae
GCA_900637635.1_52313_A01,Bacteria,Pseudomonadota,Gammaproteobacteria,Legionellales,Legionellaceae,Tatlockia,Tatlockia jordanis
GCA_002848365.2_ASM284836v2,Bacteria,Pseudomonadota,Gammaproteobacteria,Legionellales,Legionellaceae,Legionella,Legionella sainthelensi
GCA_004766445.2_ASM476644v2,Bacteria,Pseudomonadota,Gammaproteobacteria,Legionellales,Legionellaceae,Legionella_B,Legionella_B geestiana
GCA_000025705.1_ASM2570v1,Bacteria,Pseudomonadota,Gammaproteobacteria,Burkholderiales,Gallionellaceae,Sideroxyarcus,Sideroxyarcus lithotrophicus
GCA_000145255.1_ASM14525v1,Bacteria,Pseudomonadota,Gammaproteobacteria,Burkholderiales,Gallionellaceae,Gallionella,Gallionella capsiferriformans
GCA_018324385.1_ASM1832438v1,Bacteria,Pseudomonadota,Gammaproteobacteria,Burkholderiales,Gallionellaceae,Gallionella,Gallionella kumadai
GCA_009708355.1_ASM970835v1,Bacteria,Pseudomonadota,Gammaproteobacteria,Piscirickettsiales,Piscirickettsiaceae,Piscirickettsia,Piscirickettsia salmonis
GCA_000260985.4_ASM26098v3,Bacteria,Pseudomonadota,Gammaproteobacteria,Nitrosococcales,Methylophagaceae,Methylophaga,Methylophaga nitratireducenticrescens
GCA_003991075.1_ASM399107v1,Bacteria,Pseudomonadota,Gammaproteobacteria,Thiomicrospirales,Thiomicrospiraceae,Hydrogenovibrio,Hydrogenovibrio thermophilus
GCA_023516355.1_ASM2351635v1,Bacteria,Pseudomonadota,Gammaproteobacteria,Enterobacterales,Pasteurellaceae,Mannheimia,Mannheimia haemolytica
GCA_000022985.1_ASM2298v1,Bacteria,Pseudomonadota,Gammaproteobacteria,Enterobacterales,Pasteurellaceae,Aggregatibacter,Aggregatibacter aphrophilus
GCA_023587305.1_ASM2358730v1,Bacteria,Pseudomonadota,Gammaproteobacteria,Enterobacterales,Pasteurellaceae,Pasteurella,Pasteurella multocida
GCA_003355395.1_ASM335539v1,Bacteria,Pseudomonadota,Gammaproteobacteria,Burkholderiales,Neisseriaceae,Neisseria,Neisseria meningitidis
GCA_022870865.1_ASM2287086v1,Bacteria,Pseudomonadota,Gammaproteobacteria,Burkholderiales,Neisseriaceae,Neisseria,Neisseria testudinis
GCA_002951955.2_ASM295195v2,Bacteria,Pseudomonadota,Gammaproteobacteria,Burkholderiales,Neisseriaceae,Vitreoscilla,Vitreoscilla stercoraria
GCA_025790825.1_ASM2579082v1,Bacteria,Pseudomonadota,Gammaproteobacteria,Coxiellales,Coxiellaceae,Coxiella,Coxiella burnetii
GCA_902459475.1_pb_189-1_HGAP3_CTR,Bacteria,Pseudomonadota,Gammaproteobacteria,DSM-16500,DSM-16500,Aquicella,Aquicella lusitana
GCA_019285595.1_ASM1928559v1,Bacteria,Pseudomonadota,Gammaproteobacteria,Diplorickettsiales,Diplorickettsiaceae,Rickettsiella_B,Rickettsiella_B sp019285595
GCA_000009245.1_ASM924v1,Bacteria,Pseudomonadota,Gammaproteobacteria,Francisellales,Francisellaceae,Francisella,Francisella tularensis
GCA_008369765.1_ASM836976v1,Bacteria,Pseudomonadota,Gammaproteobacteria,Francisellales,Francisellaceae,Francisella,Francisella salimarina
GCA_012222965.1_ASM1222296v1,Bacteria,Pseudomonadota,Gammaproteobacteria,Francisellales,Francisellaceae,Allofrancisella,Allofrancisella inopinata
GCA_021560505.1_ASM2156050v1,Bacteria,Pseudomonadota,Alphaproteobacteria,Rhizobiales,Rhizobiaceae,Bartonella,Bartonella henselae
GCA_900638615.1_58174_F01,Bacteria,Pseudomonadota,Alphaproteobacteria,Rhizobiales,Rhizobiaceae,Bartonella,Bartonella elizabethae
GCA_021560425.1_ASM2156042v1,Bacteria,Pseudomonadota,Alphaproteobacteria,Rhizobiales,Rhizobiaceae,Bartonella,Bartonella henselae
GCA_022936085.1_ASM2293608v1,Bacteria,Pseudomonadota,Alphaproteobacteria,Rickettsiales,Rickettsiaceae,Orientia,Orientia tsutsugamushi
GCA_002078335.1_ASM207833v1,Bacteria,Pseudomonadota,Alphaproteobacteria,Rickettsiales,Rickettsiaceae,Rickettsia,Rickettsia rickettsii
GCA_001602215.1_ASM160221v1,Bacteria,Pseudomonadota,Alphaproteobacteria,Rickettsiales,Rickettsiaceae,Rickettsia,Rickettsia prowazekii
GCA_016495405.1_ASM1649540v1,Bacteria,Pseudomonadota,Gammaproteobacteria,Pseudomonadales,Halomonadaceae,Cobetia,Cobetia sp016495405
GCA_003610015.1_ASM361001v1,Bacteria,Pseudomonadota,Gammaproteobacteria,Pseudomonadales,Halomonadaceae,Zymobacter,Zymobacter palmae
GCA_025725665.1_ASM2572566v1,Bacteria,Pseudomonadota,Gammaproteobacteria,Pseudomonadales,Halomonadaceae,Billgrantia,Billgrantia sp025725665
GCA_013170845.1_ASM1317084v1,Bacteria,Pseudomonadota,Alphaproteobacteria,Rhizobiales,Rhizobiaceae,Mesorhizobium,Mesorhizobium loti_B
GCA_004331955.1_ASM433195v1,Bacteria,Pseudomonadota,Alphaproteobacteria,Rhizobiales,Rhizobiaceae,Roseitalea,Roseitalea porphyridii
GCA_014495845.1_ASM1449584v1,Bacteria,Pseudomonadota,Alphaproteobacteria,Rhizobiales,Rhizobiaceae,Aquibium,Aquibium microcysteis
GCA_023573145.1_ASM2357314v1,Bacteria,Pseudomonadota,Gammaproteobacteria,Burkholderiales,Burkholderiaceae,Aquincola,Aquincola tertiaricarbonis_B
GCA_000284255.1_ASM28425v1,Bacteria,Pseudomonadota,Gammaproteobacteria,Burkholderiales,Burkholderiaceae,Rubrivivax,Rubrivivax gelatinosus_A
GCA_001483865.1_ASM148386v1,Bacteria,Pseudomonadota,Gammaproteobacteria,Burkholderiales,Burkholderiaceae,Roseateles,Roseateles depolymerans
GCA_000012985.1_ASM1298v1,Bacteria,Pseudomonadota,Gammaproteobacteria,Pseudomonadales,Oleiphilaceae,Hahella,Hahella chejuensis
GCA_009388985.1_ASM938898v1,Bacteria,Pseudomonadota,Gammaproteobacteria,Pseudomonadales,Halieaceae,Halioglobus,Halioglobus maricola
GCA_010669285.1_ASM1066928v1,Bacteria,Pseudomonadota,Gammaproteobacteria,Pseudomonadales,Halieaceae,Kineobactrum,Kineobactrum salinum
GCA_009363315.1_ASM936331v1,Bacteria,Pseudomonadota,Alphaproteobacteria,Rhizobiales,Stappiaceae,Roseibium,Roseibium aggregatum_A
GCA_020882625.1_ASM2088262v1,Bacteria,Pseudomonadota,Alphaproteobacteria,Rhizobiales,Stappiaceae,Roseibium,Roseibium aggregatum_A
GCA_003574985.1_ASM357498v1,Bacteria,Pseudomonadota,Alphaproteobacteria,Rhizobiales,Stappiaceae,Pannonibacter,Pannonibacter indicus
GCA_002813775.1_ASM281377v1,Bacteria,Pseudomonadota,Gammaproteobacteria,Chromatiales,Chromatiaceae,Thiodictyon,Thiodictyon syntrophicum
GCA_000227745.2_ASM22774v3,Bacteria,Pseudomonadota,Gammaproteobacteria,Chromatiales,Chromatiaceae,Chromatium,Chromatium violascens
GCA_011290485.1_ASM1129048v1,Bacteria,Pseudomonadota,Gammaproteobacteria,Chromatiales,Chromatiaceae,Thermochromatium,Thermochromatium japonicum
GCA_000016185.1_ASM1618v1,Bacteria,Pseudomonadota,Alphaproteobacteria,Azospirillales,Azospirillaceae,Rhodospirillum_A,Rhodospirillum_A centenum
GCA_019134555.1_ASM1913455v1,Bacteria,Pseudomonadota,Alphaproteobacteria,Rhodospirillales,Rhodospirillaceae,Rhodospirillum,Rhodospirillum rubrum
GCA_000284415.1_ASM28441v2,Bacteria,Pseudomonadota,Alphaproteobacteria,Rhodospirillales,Rhodospirillaceae,Pararhodospirillum,Pararhodospirillum photometricum
GCA_022655595.1_ASM2265559v1,Bacteria,Pseudomonadota,Gammaproteobacteria,Cardiobacteriales,Wohlfahrtiimonadaceae,Ignatzschineria,Ignatzschineria rhizosphaerae
GCA_030062115.1_ASM3006211v1,Bacteria,Pseudomonadota,Gammaproteobacteria,Cardiobacteriales,Wohlfahrtiimonadaceae,Wohlfahrtiimonas,Wohlfahrtiimonas chitiniclastica
GCA_024347195.1_ASM2434719v1,Bacteria,Pseudomonadota,Gammaproteobacteria,Pseudomonadales,Nitrincolaceae,Amphritea,Amphritea hakodatensis
GCA_024397855.1_ASM2439785v1,Bacteria,Pseudomonadota,Gammaproteobacteria,Pseudomonadales,Marinomonadaceae,Marinomonas,Marinomonas rhizomae_A
GCA_025345565.1_ASM2534556v1,Bacteria,Pseudomonadota,Gammaproteobacteria,Pseudomonadales,DSM-6294,Venatoribacter,Venatoribacter hydrocarboniclasticus
GCA_002863865.1_ASM286386v1,Bacteria,Pseudomonadota,Gammaproteobacteria,Pseudomonadales,Ketobacteraceae,Ketobacter,Ketobacter alkanivorans
GCA_000299335.2_ASM29933v2,Bacteria,Pseudomonadota,Gammaproteobacteria,Pseudomonadales,Alcanivoracaceae,Isoalcanivorax,Isoalcanivorax pacificus
GCA_000009365.1_ASM936v1,Bacteria,Pseudomonadota,Gammaproteobacteria,Pseudomonadales,Alcanivoracaceae,Alcanivorax,Alcanivorax borkumensis
GCA_003966715.1_ASM396671v1,Bacteria,Pseudomonadota,Alphaproteobacteria,Rhizobiales,Xanthobacteraceae,Blastochloris,Blastochloris tepida
GCA_001459775.1_Blastochloris_viridis_genome,Bacteria,Pseudomonadota,Alphaproteobacteria,Rhizobiales,Xanthobacteraceae,Blastochloris,Blastochloris viridis
GCA_001402875.1_ASM140287v1,Bacteria,Pseudomonadota,Alphaproteobacteria,Rhizobiales,Xanthobacteraceae,Blastochloris,Blastochloris viridis
GCA_017309975.1_ASM1730997v1,Bacteria,Pseudomonadota,Alphaproteobacteria,Caulobacterales,Hyphomonadaceae,Hyphomonas,Hyphomonas sp000682775
GCA_001679665.1_ASM167966v1,Bacteria,Pseudomonadota,Alphaproteobacteria,Caulobacterales,TH1-2,Vitreimonas,Vitreimonas manganica
GCA_000023785.1_ASM2378v1,Bacteria,Pseudomonadota,Alphaproteobacteria,Caulobacterales,Hyphomonadaceae,Hirschia,Hirschia baltica
GCA_021650935.1_ASM2165093v1,Bacteria,Pseudomonadota,Gammaproteobacteria,Thiotrichales,Thiotrichaceae,Thiothrix,Thiothrix winogradskyi
GCA_017901135.1_ASM1790113v1,Bacteria,Pseudomonadota,Gammaproteobacteria,Thiotrichales,Thiotrichaceae,Thiothrix,Thiothrix litoralis
GCA_001305575.3_ASM130557v3,Bacteria,Pseudomonadota,Gammaproteobacteria,Beggiatoales,Beggiatoaceae,Beggiatoa,Beggiatoa leptomitoformis
GCA_000214095.2_ASM21409v3,Bacteria,Pseudomonadota,Gammaproteobacteria,Acidithiobacillales,Acidithiobacillaceae,Acidithiobacillus,Acidithiobacillus ferrivorans
GCA_013462805.1_ASM1346280v1,Bacteria,Pseudomonadota,Gammaproteobacteria,Acidithiobacillales,Acidithiobacillaceae,Acidithiobacillus,Acidithiobacillus ferrooxidans
GCA_001650235.3_ASM165023v3,Bacteria,Pseudomonadota,Gammaproteobacteria,Acidithiobacillales,Acidithiobacillaceae,Acidithiobacillus_A,Acidithiobacillus_A caldus
GCA_900637305.1_50618_F02,Bacteria,Pseudomonadota,Gammaproteobacteria,Cardiobacteriales,Cardiobacteriaceae,Cardiobacterium,Cardiobacterium hominis
GCA_000015345.1_ASM1534v1,Bacteria,Pseudomonadota,Gammaproteobacteria,Cardiobacteriales,Cardiobacteriaceae,Dichelobacter,Dichelobacter nodosus
GCA_009746125.1_ASM974612v1,Bacteria,Pseudomonadota,Gammaproteobacteria,Burkholderiales,Casimicrobiaceae,Casimicrobium,Casimicrobium huifangae
GCA_009746125.1_ASM974612v1,Bacteria,Pseudomonadota,Gammaproteobacteria,Burkholderiales,Casimicrobiaceae,Casimicrobium,Casimicrobium huifangae
GCA_006542605.1_ASM654260v1,Bacteria,Pseudomonadota,Alphaproteobacteria,Sphingomonadales,Sphingomonadaceae,Erythrobacter,Erythrobacter sp006542605
GCA_001719165.1_ASM171916v1,Bacteria,Pseudomonadota,Alphaproteobacteria,Sphingomonadales,Sphingomonadaceae,Erythrobacter,Erythrobacter litoralis
GCA_001720465.1_ASM172046v1,Bacteria,Pseudomonadota,Alphaproteobacteria,Sphingomonadales,Sphingomonadaceae,Erythrobacter,Erythrobacter sp001720465
GCA_000828475.1_ASM82847v1,Bacteria,Pseudomonadota,Alphaproteobacteria,Rhizobiales,Methyloligellaceae,Methyloceanibacter,Methyloceanibacter caenitepidi
GCA_027886585.1_ASM2788658v1,Bacteria,Pseudomonadota,Alphaproteobacteria,Rhizobiales,Hyphomicrobiaceae,Hyphomicrobium_C,Hyphomicrobium_C zavarzinii
GCA_000166055.1_ASM16605v1,Bacteria,Pseudomonadota,Alphaproteobacteria,Rhizobiales,Rhodomicrobiaceae,Rhodomicrobium,Rhodomicrobium vannielii
GCA_024662015.1_ASM2466201v1,Bacteria,Pseudomonadota,Alphaproteobacteria,Thalassobaculales,Thalassobaculaceae,Nisaea,Nisaea acidiphila
GCA_008632455.1_ASM863245v1,Bacteria,Pseudomonadota,Gammaproteobacteria,Methylococcales,Methylomonadaceae,Methylomonas,Methylomonas rhizoryzae
GCA_001644685.1_ASM164468v1,Bacteria,Pseudomonadota,Gammaproteobacteria,Methylococcales,Methylomonadaceae,Methylomonas,Methylomonas koyamae
GCA_029643245.1_ASM2964324v1,Bacteria,Pseudomonadota,Gammaproteobacteria,Methylococcales,Methylomonadaceae,Methylomonas,Methylomonas koyamae_B
GCA_009685195.1_ASM968519v1,Bacteria,Pseudomonadota,Alphaproteobacteria,Rhizobiales,Beijerinckiaceae,Methylocystis,Methylocystis parva
GCA_003855495.1_ASM385549v1,Bacteria,Pseudomonadota,Alphaproteobacteria,Rhizobiales,Beijerinckiaceae,Methylocystis,Methylocystis rosea_A
GCA_022370455.1_ASM2237045v1,Bacteria,Pseudomonadota,Alphaproteobacteria,Rhizobiales,Beijerinckiaceae,Methylocystis,Methylocystis rosea
GCA_000021025.1_ASM2102v1,Bacteria,Pseudomonadota,Gammaproteobacteria,Burkholderiales,Aquaspirillaceae,Laribacter,Laribacter hongkongensis
GCA_002002905.1_ASM200290v1,Bacteria,Pseudomonadota,Gammaproteobacteria,Burkholderiales,Aquaspirillaceae,Rivihabitans,Rivihabitans sp002002905
GCA_002215055.1_ASM221505v1,Bacteria,Pseudomonadota,Gammaproteobacteria,Burkholderiales,Aquaspirillaceae,Laribacter,Laribacter hongkongensis
GCA_009938015.1_ASM993801v1,Bacteria,Pseudomonadota,Gammaproteobacteria,Burkholderiales,Sulfuriferulaceae,Sulfuriferula,Sulfuriferula plumbiphila
GCA_905186105.1_Sutterella_canine_HQ_MAG,Bacteria,Pseudomonadota,Gammaproteobacteria,Burkholderiales,Burkholderiaceae,Sutterella,Sutterella sp905186105
GCA_004564135.1_ASM456413v1,Bacteria,Pseudomonadota,Alphaproteobacteria,Rhodospirillales_A,Terasakiellaceae,Terasakiella,Terasakiella sp004564135
GCA_012276695.1_ASM1227669v1,Bacteria,Pseudomonadota,Alphaproteobacteria,Pelagibacterales,Pelagibacteraceae,Pelagibacter,Pelagibacter giovannonii
GCA_007833635.1_ASM783363v1,Bacteria,Pseudomonadota,Alphaproteobacteria,Pelagibacterales,Pelagibacteraceae,Pelagibacter,Pelagibacter sp007833635
GCA_000195085.1_ASM19508v1,Bacteria,Pseudomonadota,Alphaproteobacteria,Pelagibacterales,Pelagibacteraceae,IMCC9063,IMCC9063 sp000195085
GCA_003428335.1_ASM342833v1,Bacteria,Pseudomonadota,Gammaproteobacteria,Nevskiales,Nevskiaceae,Solimonas_A,Solimonas_A sp003428335
GCA_016918765.2_ASM1691876v2,Bacteria,Pseudomonadota,Gammaproteobacteria,Nevskiales,Nevskiaceae,Flagellatimonas,Flagellatimonas centrodinii
GCA_010092425.1_ASM1009242v1,Bacteria,Pseudomonadota,Gammaproteobacteria,Nevskiales,Nevskiaceae,Sinimarinibacterium,Sinimarinibacterium sp010092425
GCA_020510685.1_ASM2051068v1,Bacteria,Pseudomonadota,Gammaproteobacteria,Burkholderiales,Rhodocyclaceae,Azonexus,Azonexus denitrificans_A
GCA_020510605.1_ASM2051060v1,Bacteria,Pseudomonadota,Gammaproteobacteria,Burkholderiales,Rhodocyclaceae,Azonexus,Azonexus limneticus_A
GCA_020510525.1_ASM2051052v1,Bacteria,Pseudomonadota,Gammaproteobacteria,Burkholderiales,Rhodocyclaceae,Azonexus,Azonexus australiensis_B
GCA_001010805.1_ASM101080v1,Bacteria,Pseudomonadota,Gammaproteobacteria,Pseudomonadales,Spongiibacteraceae,Spongiibacter_A,Spongiibacter_A sp001010805
GCA_002117105.1_ASM211710v1,Bacteria,Pseudomonadota,Gammaproteobacteria,Pseudomonadales,DSM-21967,Oceanicoccus,Oceanicoccus sagamiensis
GCA_001586255.1_ASM158625v1,Bacteria,Pseudomonadota,Gammaproteobacteria,Pseudomonadales,Spongiibacteraceae,Zhongshania,Zhongshania aliphaticivorans
GCA_002158845.1_ASM215884v1,Bacteria,Pseudomonadota,Alphaproteobacteria,Sphingomonadales,Sphingomonadaceae,Zymomonas,Zymomonas mobilis
GCA_003052045.1_ASM305204v1,Bacteria,Pseudomonadota,Alphaproteobacteria,Sphingomonadales,Sphingomonadaceae,Zymomonas,Zymomonas mobilis
GCA_000498655.1_ASM49865v1,Bacteria,Pseudomonadota,Alphaproteobacteria,Sphingomonadales,Sphingomonadaceae,Zymomonas,Zymomonas mobilis
GCA_001632845.1_ASM163284v1,Bacteria,Pseudomonadota,Gammaproteobacteria,Ectothiorhodospirales,Ectothiorhodospiraceae,Ectothiorhodospira,Ectothiorhodospira sp001632845
GCA_000015585.1_ASM1558v1,Bacteria,Pseudomonadota,Gammaproteobacteria,Nitrococcales,Halorhodospiraceae,Halorhodospira,Halorhodospira halophila
GCA_000485905.1_ASM48590v1,Bacteria,Pseudomonadota,Gammaproteobacteria,Nitrococcales,Nitrococcaceae,Spiribacter,Spiribacter curvatus
GCA_003054515.1_ASM305451v1,Bacteria,Pseudomonadota,Gammaproteobacteria,Burkholderiales,Rhodocyclaceae,Pseudothauera,Pseudothauera hydrothermalis
GCA_003072485.1_ASM307248v1,Bacteria,Pseudomonadota,Alphaproteobacteria,Rickettsiales,Midichloriaceae,Fokinia,Fokinia solitaria
GCA_029981845.1_ASM2998184v1,Bacteria,Pseudomonadota,Alphaproteobacteria,Rickettsiales,Midichloriaceae,Bandiella,Bandiella numerosa_B
GCA_000219355.1_ASM21935v1,Bacteria,Pseudomonadota,Alphaproteobacteria,Rickettsiales,Midichloriaceae,Midichloria,Midichloria mitochondrii
GCA_000264455.2_ASM26445v2,Bacteria,Pseudomonadota,Alphaproteobacteria,Tistrellales,Tistrellaceae,Tistrella,Tistrella mobilis
GCA_011009015.1_ASM1100901v1,Bacteria,Pseudomonadota,Gammaproteobacteria,Pseudomonadales,Zooshikellaceae,Spartinivicinus,Spartinivicinus ruber
GCA_000940805.1_ASM94080v1,Bacteria,Pseudomonadota,Gammaproteobacteria,Pseudomonadales,Natronospirillaceae,Gynuella,Gynuella sunshinyii
GCA_003367315.1_ASM336731v1,Bacteria,Pseudomonadota,Gammaproteobacteria,Pseudomonadales,Natronospirillaceae,Saccharospirillum,Saccharospirillum mangrovi
GCA_002795845.1_ASM279584v1,Bacteria,Pseudomonadota,Gammaproteobacteria,Pseudomonadales,Natronospirillaceae,Reinekea,Reinekea forsetii
GCA_002162375.1_ASM216237v1,Bacteria,Pseudomonadota,Gammaproteobacteria,Pseudomonadales,Oleiphilaceae,Oleiphilus,Oleiphilus messinensis
GCA_006738645.1_ASM673864v1,Bacteria,Pseudomonadota,Alphaproteobacteria,ATCC43930,Stellaceae,Stella,Stella humosa
GCA_006739055.1_ASM673905v1,Bacteria,Pseudomonadota,Alphaproteobacteria,ATCC43930,Stellaceae,Stella,Stella vacuolata
GCA_006738865.1_ASM673886v1,Bacteria,Pseudomonadota,Alphaproteobacteria,ATCC43930,Stellaceae,Stella,Stella sp006738865
GCA_004135585.1_ASM413558v1,Bacteria,Pseudomonadota,Alphaproteobacteria,Sphingomonadales,Sphingomonadaceae,Allosphingosinicella,Allosphingosinicella sp004135585
GCA_019285715.1_ASM1928571v1,Bacteria,Pseudomonadota,Alphaproteobacteria,Sphingomonadales,Sphingomonadaceae,Glacieibacterium,Glacieibacterium sp018982925
GCA_003967095.1_ASM396709v1,Bacteria,Pseudomonadota,Alphaproteobacteria,Sphingomonadales,Sphingomonadaceae,Sphingosinicella,Sphingosinicella microcystinivorans
GCA_025562755.1_ASM2556275v1,Bacteria,Pseudomonadota,Gammaproteobacteria,Pseudomonadales,Endozoicomonadaceae,Endozoicomonas,Endozoicomonas euniceicola
GCA_023822025.1_ASM2382202v1,Bacteria,Pseudomonadota,Gammaproteobacteria,Pseudomonadales,Endozoicomonadaceae,Endozoicomonas,Endozoicomonas sp023822025
GCA_027366395.1_ASM2736639v1,Bacteria,Pseudomonadota,Gammaproteobacteria,Pseudomonadales,Endozoicomonadaceae,Endozoicomonas,Endozoicomonas sp027366395
GCA_022865125.1_ASM2286512v1,Bacteria,Pseudomonadota,Alphaproteobacteria,Rhizobiales,Amorphaceae,Acuticoccus,Acuticoccus sp022865125
GCA_002844375.1_ASM284437v1,Bacteria,Pseudomonadota,Alphaproteobacteria,Rhodospirillales_A,Thalassospiraceae,Thalassospira,Thalassospira marina
GCA_003403095.1_ASM340309v1,Bacteria,Pseudomonadota,Alphaproteobacteria,Rhodospirillales_A,Thalassospiraceae,Thalassospira,Thalassospira indica
GCA_029318635.1_ASM2931863v1,Bacteria,Pseudomonadota,Alphaproteobacteria,Rhodospirillales_A,Magnetovibrionaceae,Varunaivibrio,Varunaivibrio sulfuroxidans
GCA_900231165.1_HDIA1,Bacteria,Pseudomonadota,Alphaproteobacteria,Rhizobiales,Pleomorphomonadaceae,Hartmannibacter,Hartmannibacter diazotrophicus
GCA_001271345.1_ASM127134v1,Bacteria,Pseudomonadota,Alphaproteobacteria,Rhizobiales,Beijerinckiaceae,Chelatococcus_A,Chelatococcus_A caeni
GCA_001887265.1_ASM188726v1,Bacteria,Pseudomonadota,Alphaproteobacteria,Rhizobiales,Beijerinckiaceae,Chelatococcus_A,Chelatococcus_A sambhunathii
GCA_016629525.1_ASM1662952v1,Bacteria,Pseudomonadota,Alphaproteobacteria,Rhizobiales,Kaistiaceae,Kaistia,Kaistia sp016629525
GCA_007431345.1_ASM743134v1,Bacteria,Pseudomonadota,Gammaproteobacteria,Burkholderiales,Chitinimonadaceae,Chitinimonas,Chitinimonas arctica
GCA_014353015.1_ASM1435301v1,Bacteria,Pseudomonadota,Gammaproteobacteria,Burkholderiales,Chitinimonadaceae,Chitinimonas,Chitinimonas koreensis
GCA_025642115.1_ASM2564211v1,Bacteria,Pseudomonadota,Gammaproteobacteria,Burkholderiales,Chitinibacteraceae,Chitiniphilus,Chitiniphilus sp025642115
GCA_000953735.1_MVIS1,Bacteria,Pseudomonadota,Gammaproteobacteria,Enterobacterales,Moritellaceae,Moritella,Moritella viscosa
GCA_022870965.1_ASM2287096v1,Bacteria,Pseudomonadota,Gammaproteobacteria,Burkholderiales,Neisseriaceae,Snodgrassella,Snodgrassella alvi
GCA_022749515.1_ASM2274951v1,Bacteria,Pseudomonadota,Gammaproteobacteria,Burkholderiales,Neisseriaceae,Neisseria,Neisseria cerebrosa
GCA_013003965.1_ASM1300396v1,Bacteria,Pseudomonadota,Gammaproteobacteria,Burkholderiales,Usitatibacteraceae,Usitatibacter,Usitatibacter rugosus
GCA_013003985.1_ASM1300398v1,Bacteria,Pseudomonadota,Gammaproteobacteria,Burkholderiales,Usitatibacteraceae,Usitatibacter,Usitatibacter palustris
GCA_023716685.1_ASM2371668v1,Bacteria,Pseudomonadota,Gammaproteobacteria,Enterobacterales,Shewanellaceae,Ferrimonas,Ferrimonas kyonanensis
GCA_000148645.1_ASM14864v1,Bacteria,Pseudomonadota,Gammaproteobacteria,Enterobacterales,Shewanellaceae,Ferrimonas,Ferrimonas balearica
GCA_012295575.1_ASM1229557v1,Bacteria,Pseudomonadota,Gammaproteobacteria,Enterobacterales,Shewanellaceae,Ferrimonas,Ferrimonas lipolytica
GCA_004323635.1_ASM432363v1,Bacteria,Pseudomonadota,Alphaproteobacteria,Rhizobiales,Beijerinckiaceae,Lichenihabitans,Lichenihabitans psoromatis
GCA_009388985.1_ASM938898v1,Bacteria,Pseudomonadota,Gammaproteobacteria,Pseudomonadales,Halieaceae,Halioglobus,Halioglobus maricola
GCA_001983995.1_ASM198399v1,Bacteria,Pseudomonadota,Gammaproteobacteria,Pseudomonadales,Halieaceae,Halioglobus,Halioglobus japonicus
GCA_009910365.1_ASM991036v1,Bacteria,Pseudomonadota,Gammaproteobacteria,Pseudomonadales,Halieaceae,Aequoribacter,Aequoribacter fuscus
GCA_015482775.1_ASM1548277v1,Bacteria,Pseudomonadota,Alphaproteobacteria,Rhizobiales,Im1,Kaustia,Kaustia mangrovi
GCA_000017565.1_ASM1756v1,Bacteria,Pseudomonadota,Alphaproteobacteria,Parvibaculales,Parvibaculaceae,Parvibaculum,Parvibaculum lavamentivorans
GCA_012848855.1_ASM1284885v1,Bacteria,Pseudomonadota,Alphaproteobacteria,Parvibaculales,CGMCC-115125,Pyruvatibacter,Pyruvatibacter mobilis
GCA_003432385.1_ASM343238v1,Bacteria,Pseudomonadota,Alphaproteobacteria,Rhizobiales,Stappiaceae,Breoghania,Breoghania sp003432385
GCA_004295645.1_ASM429564v1,Bacteria,Pseudomonadota,Gammaproteobacteria,Enterobacterales,Enterobacteriaceae,Limnobaculum,Limnobaculum zhutongyuii
GCA_900638655.1_58635_F02,Bacteria,Pseudomonadota,Gammaproteobacteria,Enterobacterales,Enterobacteriaceae,Pragia,Pragia fontium
GCA_900478135.1_28193_H01,Bacteria,Pseudomonadota,Gammaproteobacteria,Enterobacterales,Enterobacteriaceae,Leminorella,Leminorella richardii
GCA_025136295.1_ASM2513629v1,Bacteria,Pseudomonadota,Alphaproteobacteria,UBA8366,GCA-2696645,Aestuariispira_A,Aestuariispira_A ectoiniformans
GCA_000014865.1_ASM1486v1,Bacteria,Pseudomonadota,Magnetococcia,Magnetococcales,Magnetococcaceae,Magnetococcus,Magnetococcus marinus
GCA_902813185.1_Denitratisoma_oestradiolicum_DSM16959,Bacteria,Pseudomonadota,Gammaproteobacteria,Burkholderiales,Rhodocyclaceae,Denitratisoma,Denitratisoma oestradiolicum
GCA_001713355.1_ASM171335v1,Bacteria,Pseudomonadota,Gammaproteobacteria,Burkholderiales,Rhodocyclaceae,Methyloversatilis,Methyloversatilis sp001713355
GCA_000828635.1_ASM82863v1,Bacteria,Pseudomonadota,Gammaproteobacteria,Burkholderiales,Rhodocyclaceae,Sulfuritalea,Sulfuritalea hydrogenivorans
GCA_006385135.1_ASM638513v1,Bacteria,Pseudomonadota,Alphaproteobacteria,Sphingomonadales,Emcibacteraceae,Paremcibacter,Paremcibacter congregatus
GCA_028869115.1_ASM2886911v1,Bacteria,Pseudomonadota,Alphaproteobacteria,Sphingomonadales,Emcibacteraceae,Pseudemcibacter,Pseudemcibacter aquimaris
GCA_005849285.1_ASM584928v1,Bacteria,Pseudomonadota,Alphaproteobacteria,Sphingomonadales,Emcibacteraceae,Luteithermobacter,Luteithermobacter gelatinilyticus
GCA_023746535.1_ASM2374653v1,Bacteria,Pseudomonadota,Alphaproteobacteria,Sneathiellales,Sneathiellaceae,Sneathiella,Sneathiella marina
GCA_026409565.1_ASM2640956v1,Bacteria,Pseudomonadota,Alphaproteobacteria,Sneathiellales,Sneathiellaceae,Sneathiella,Sneathiella aquimaris
GCA_015240255.1_ASM1524025v1,Bacteria,Pseudomonadota,Alphaproteobacteria,Sphingomonadales,Kordiimonadaceae,Kordiimonas,Kordiimonas pumila
GCA_024398035.1_ASM2439803v1,Bacteria,Pseudomonadota,Alphaproteobacteria,Sphingomonadales,Kordiimonadaceae,Kordiimonas,Kordiimonas sp024398035
GCA_024398015.1_ASM2439801v1,Bacteria,Pseudomonadota,Alphaproteobacteria,Sphingomonadales,Kordiimonadaceae,Kordiimonas,Kordiimonas sp024398015
GCA_001677435.1_ASM167743v1,Bacteria,Pseudomonadota,Gammaproteobacteria,Woeseiales,Woeseiaceae,Woeseia,Woeseia oceani
GCA_000015285.1_ASM1528v1,Bacteria,Pseudomonadota,Gammaproteobacteria,Enterobacterales,Psychromonadaceae,Psychromonas,Psychromonas ingrahamii
GCA_000153405.2_ASM15340v2,Bacteria,Pseudomonadota,Gammaproteobacteria,Enterobacterales,Psychromonadaceae,Psychromonas,Psychromonas sp000153405
GCA_003177035.1_ASM317703v1,Bacteria,Pseudomonadota,Gammaproteobacteria,Nevskiales,Salinisphaeraceae,Salinisphaera,Salinisphaera sp003177035
GCA_002355415.1_ASM235541v1,Bacteria,Pseudomonadota,Gammaproteobacteria,Acidiferrobacterales,Sulfurifustaceae,Sulfurifustis,Sulfurifustis variabilis
GCA_001705075.2_ASM170507v2,Bacteria,Pseudomonadota,Gammaproteobacteria,Acidiferrobacterales,Acidiferrobacteraceae,Acidiferrobacter,Acidiferrobacter thiooxydans
GCA_002355735.1_ASM235573v1,Bacteria,Pseudomonadota,Gammaproteobacteria,Acidiferrobacterales,Sulfurifustaceae,Sulfuricaulis,Sulfuricaulis limicola
GCA_911810475.1_August2016_Plant3_pacbio_assembly,Bacteria,Pseudomonadota,Gammaproteobacteria,Enterobacterales,Celerinatantimonadaceae,Celerinatantimonas,Celerinatantimonas neptuna
GCA_914590485.1_CEDIAZO_illumina_assembly,Bacteria,Pseudomonadota,Gammaproteobacteria,Enterobacterales,Celerinatantimonadaceae,Celerinatantimonas,Celerinatantimonas diazotrophica
GCA_003330885.1_ASM333088v1,Bacteria,Pseudomonadota,Alphaproteobacteria,Parvibaculales,Parvibaculaceae,Mf105b01,Mf105b01 sp003330885
GCA_004564135.1_ASM456413v1,Bacteria,Pseudomonadota,Alphaproteobacteria,Rhodospirillales_A,Terasakiellaceae,Terasakiella,Terasakiella sp004564135
GCA_014725735.1_ASM1472573v1,Bacteria,Pseudomonadota,Gammaproteobacteria,Xanthomonadales,Wenzhouxiangellaceae,Wenzhouxiangella,Wenzhouxiangella sp014725735
GCA_001187785.1_ASM118778v1,Bacteria,Pseudomonadota,Gammaproteobacteria,Xanthomonadales,Wenzhouxiangellaceae,Wenzhouxiangella,Wenzhouxiangella marina
GCA_023733635.1_ASM2373363v1,Bacteria,Pseudomonadota,Gammaproteobacteria,Chromatiales,Sedimenticolaceae,Endoriftia,Endoriftia persephone
GCA_000828615.1_ASM82861v1,Bacteria,Pseudomonadota,Gammaproteobacteria,Chromatiales,Sedimenticolaceae,Thiolapillus,Thiolapillus brandeum
GCA_025502565.1_ASM2550256v1,Bacteria,Pseudomonadota,Gammaproteobacteria,Burkholderiales,Nitrosomonadaceae,Nitrosomonas,Nitrosomonas communis
GCA_001455205.1_ASM145520v1,Bacteria,Pseudomonadota,Gammaproteobacteria,Burkholderiales,Nitrosomonadaceae,Nitrosomonas,Nitrosomonas ureae
GCA_000619905.2_ASM61990v2,Bacteria,Pseudomonadota,Gammaproteobacteria,Burkholderiales,Nitrosomonadaceae,Nitrosospira,Nitrosospira briensis
GCA_028748065.1_ASM2874806v1,Bacteria,Pseudomonadota,Alphaproteobacteria,Caulobacterales,Parvularculaceae,Hyphococcus,Hyphococcus flavus
GCA_000152825.2_ASM15282v2,Bacteria,Pseudomonadota,Alphaproteobacteria,Caulobacterales,Parvularculaceae,Parvularcula,Parvularcula bermudensis
GCA_016699715.1_ASM1669971v1,Bacteria,Pseudomonadota,Gammaproteobacteria,Competibacterales,Competibacteraceae,Competibacter,Competibacter sp016699715
GCA_017161425.1_ASM1716142v1,Bacteria,Pseudomonadota,Alphaproteobacteria,Caulobacterales,Maricaulaceae,Marinicauda,Marinicauda algicola
GCA_000014745.1_ASM1474v1,Bacteria,Pseudomonadota,Alphaproteobacteria,Caulobacterales,Maricaulaceae,Maricaulis,Maricaulis maris_A
GCA_004000605.1_ASM400060v1,Bacteria,Pseudomonadota,Alphaproteobacteria,Caulobacterales,Maricaulaceae,Glycocaulis,Glycocaulis alkaliphilus
GCA_001579945.1_ASM157994v1,Bacteria,Pseudomonadota,Gammaproteobacteria,Steroidobacterales,Steroidobacteraceae,Steroidobacter,Steroidobacter denitrificans
GCA_013693775.1_ASM1369377v1,Bacteria,Pseudomonadota,Gammaproteobacteria,Burkholderiales,Thiobacillaceae,Thiobacillus,Thiobacillus sp001899305
GCA_000012745.1_ASM1274v1,Bacteria,Pseudomonadota,Gammaproteobacteria,Burkholderiales,Thiobacillaceae,Thiobacillus,Thiobacillus denitrificans_B
GCA_003967275.1_ASM396727v1,Bacteria,Pseudomonadota,Gammaproteobacteria,Burkholderiales,Thiobacillaceae,Sulfuritortus,Sulfuritortus calidifontis
GCA_001697225.1_ASM169722v1,Bacteria,Pseudomonadota,Gammaproteobacteria,Immundisolibacterales,Immundisolibacteraceae,Immundisolibacter,Immundisolibacter cernigliae
GCA_004001245.1_ASM400124v1,Bacteria,Pseudomonadota,Gammaproteobacteria,JG42,JG42,Sulfurivermis,Sulfurivermis fontis
GCA_019203965.1_ASM1920396v1,Bacteria,Pseudomonadota,Alphaproteobacteria,Acetobacterales,Acetobacteraceae,Elioraea_A,Elioraea_A tepida
GCA_011065405.1_ASM1106540v1,Bacteria,Pseudomonadota,Gammaproteobacteria,Enterobacterales,Succinivibrionaceae,Succinivibrio,Succinivibrio dextrinosolvens_A
GCA_016747875.1_ASM1674787v1,Bacteria,Pseudomonadota,Gammaproteobacteria,Enterobacterales,Succinivibrionaceae,Succinivibrio,Succinivibrio dextrinosolvens
GCA_905186145.1_Succinivibrio_canine_HQ_MAG,Bacteria,Pseudomonadota,Gammaproteobacteria,Enterobacterales,Succinivibrionaceae,Succinivibrio,Succinivibrio sp905186145
GCA_000023745.1_ASM2374v1,Bacteria,Pseudomonadota,Gammaproteobacteria,Burkholderiales,Methylophilaceae,Methylovorus,Methylovorus glucosotrophus
GCA_000183115.1_ASM18311v1,Bacteria,Pseudomonadota,Gammaproteobacteria,Burkholderiales,Methylophilaceae,Methylovorus,Methylovorus glucosotrophus
GCA_000023705.1_ASM2370v1,Bacteria,Pseudomonadota,Gammaproteobacteria,Burkholderiales,Methylophilaceae,Methylotenera,Methylotenera mobilis
GCA_024398575.1_ASM2439857v1,Bacteria,Pseudomonadota,Gammaproteobacteria,Enterobacterales,Alteromonadaceae,Idiomarina,Idiomarina loihiensis
GCA_024584785.1_ASM2458478v1,Bacteria,Pseudomonadota,Gammaproteobacteria,Enterobacterales,Alteromonadaceae,Pseudidiomarina,Pseudidiomarina maritima_A
GCA_002211765.1_ASM221176v1,Bacteria,Pseudomonadota,Gammaproteobacteria,Enterobacterales,Alteromonadaceae,Idiomarina,Idiomarina piscisalsi_A
GCA_019469185.1_ASM1946918v1,Bacteria,Pseudomonadota,Gammaproteobacteria,Enterobacterales,Enterobacteriaceae,Gilliamella,Gilliamella sp019469185
GCA_011745665.1_ASM1174566v1,Bacteria,Pseudomonadota,Gammaproteobacteria,Enterobacterales,Enterobacteriaceae,Zophobihabitans,Zophobihabitans entericus
GCA_000807275.1_ASM80727v1,Bacteria,Pseudomonadota,Gammaproteobacteria,Enterobacterales,Enterobacteriaceae,Frischella,Frischella perrara
GCA_001663815.1_ASM166381v1,Bacteria,Pseudomonadota,Gammaproteobacteria,Halothiobacillales,Halothiobacillaceae,Halothiobacillus,Halothiobacillus sp001663815
GCA_000024765.1_ASM2476v1,Bacteria,Pseudomonadota,Gammaproteobacteria,Halothiobacillales,Halothiobacillaceae,Halothiobacillus,Halothiobacillus neapolitanus
GCA_000024085.1_ASM2408v1,Bacteria,Pseudomonadota,Gammaproteobacteria,Enterobacterales,Kangiellaceae,Kangiella,Kangiella koreensis
GCA_001708405.1_ASM170840v1,Bacteria,Pseudomonadota,Gammaproteobacteria,Enterobacterales,Kangiellaceae,Kangiella,Kangiella sediminilitoris
GCA_000981765.1_ASM98176v1,Bacteria,Pseudomonadota,Gammaproteobacteria,Enterobacterales,Kangiellaceae,Kangiella,Kangiella geojedonensis
GCA_016724805.1_ASM1672480v1,Bacteria,Pseudomonadota,Gammaproteobacteria,Burkholderiales,Burkholderiaceae,Sutterella,Sutterella wadsworthensis
GCA_003609995.1_ASM360999v1,Bacteria,Pseudomonadota,Gammaproteobacteria,Burkholderiales,Burkholderiaceae,Sutterella,Sutterella megalosphaeroides
GCA_928721995.1_min17_bin56,Bacteria,Pseudomonadota,Gammaproteobacteria,Burkholderiales,Burkholderiaceae,Duodenibacillus,Duodenibacillus massiliensis
GCA_019038085.1_ASM1903808v1,Bacteria,Pseudomonadota,Gammaproteobacteria,Burkholderiales,Ferrovaceae,Ferrovum,Ferrovum myxofaciens
GCA_019038105.1_ASM1903810v1,Bacteria,Pseudomonadota,Gammaproteobacteria,Burkholderiales,Ferrovaceae,Ferrovum,Ferrovum myxofaciens
GCA_013181415.1_ASM1318141v1,Bacteria,Pseudomonadota,Gammaproteobacteria,Burkholderiales,Ferrovaceae,Ferrovum,Ferrovum myxofaciens
GCA_030035755.1_ASM3003575v1,Bacteria,Pseudomonadota,Gammaproteobacteria,Francisellales,Francisellaceae,Cysteiniphilum,Cysteiniphilum litorale
GCA_002795805.1_ASM279580v1,Bacteria,Pseudomonadota,Zetaproteobacteria,Mariprofundales,Mariprofundaceae,Mariprofundus,Mariprofundus aestuarium
GCA_002795825.1_ASM279582v1,Bacteria,Pseudomonadota,Zetaproteobacteria,Mariprofundales,Mariprofundaceae,Mariprofundus,Mariprofundus ferrinatatus
GCA_009938325.1_ASM993832v1,Bacteria,Pseudomonadota,Gammaproteobacteria,Burkholderiales,Rhodocyclaceae,Fluviibacter,Fluviibacter phosphoraccumulans
GCA_009938305.1_ASM993830v1,Bacteria,Pseudomonadota,Gammaproteobacteria,Burkholderiales,Rhodocyclaceae,Fluviibacter,Fluviibacter phosphoraccumulans
GCA_016110345.1_ASM1611034v1,Bacteria,Pseudomonadota,Gammaproteobacteria,Burkholderiales,Rhodocyclaceae,Fluviibacter,Fluviibacter phosphoraccumulans
GCA_009734265.1_ASM973426v1,Bacteria,Pseudomonadota,Gammaproteobacteria,Halothiobacillales,Halothiobacillaceae,Guyparkeria,Guyparkeria hydrothermalis
GCA_009650135.1_ASM965013v1,Bacteria,Pseudomonadota,Gammaproteobacteria,Pseudomonadales,Litorivicinaceae,Litorivicinus,Litorivicinus lipolyticus
GCA_000742835.1_ASM74283v1,Bacteria,Pseudomonadota,Alphaproteobacteria,Paracaedibacterales,Paracaedibacteraceae,Paracaedibacter,Paracaedibacter acanthamoebae
GCA_014896945.1_ASM1489694v1,Bacteria,Pseudomonadota,Alphaproteobacteria,UBA6184,UBA6184,UBA6184,UBA6184 sp014896945
GCA_000743035.1_ASM74303v1,Bacteria,Pseudomonadota,Alphaproteobacteria,Caedimonadales,Caedimonadaceae,Paracaedimonas,Paracaedimonas acanthamoebae
GCA_002117145.1_ASM211714v1,Bacteria,Pseudomonadota,Alphaproteobacteria,Caedimonadales,Nucleicultricaceae,Nucleicultrix,Nucleicultrix amoebiphila
GCA_000730245.1_ASM73024v1,Bacteria,Pseudomonadota,Alphaproteobacteria,Rickettsiales,Midichloriaceae,Jidaibacter,Jidaibacter sp000730245
GCA_021654655.1_ASM2165465v1,Bacteria,Pseudomonadota,Alphaproteobacteria,Holosporales,Holosporaceae,Hydrogenosomobacter,Hydrogenosomobacter endosymbioticus
GCA_021065005.1_ASM2106500v1,Bacteria,Pseudomonadota,Alphaproteobacteria,Rickettsiales_A,G021065005,Gromoviella,Gromoviella agglomerans
GCA_943846655.1_22042020_METABAT_325,Bacteria,Pseudomonadota,Gammaproteobacteria,Pseudomonadales,Porticoccaceae,Porticoccus,Porticoccus sp002390525
GCA_024172705.1_ASM2417270v1,Bacteria,Pseudomonadota,Gammaproteobacteria,Comchoanobacterales,Comchoanobacteraceae,Comchoanobacter,Comchoanobacter bicostacola
